SNP_ID,chromosome,position,log_odds_cardio,log_odds_se_cardio,pvalue_cardio,log_odds_t2d,log_odds_se_t2d,pvalue_t2d,log_odds_cancer,log_odds_se_cancer,pvalue_cancer
rs8077879,17,53857343,0.235,0.032,3.45e-06,0.189,0.041,2.18e-05,0.276,0.038,4.23e-07
rs17203139,3,24673518,0.187,0.047,8.76e-05,0.092,0.053,0.0821,0.215,0.049,1.15e-05
rs2421994,1,109817192,-0.112,0.029,0.0012,-0.076,0.031,0.0142,-0.055,0.032,0.0856
rs13411660,2,234567890,0.076,0.035,0.0297,0.045,0.033,0.1723,0.198,0.042,2.34e-06
rs16906300,8,12344321,0.143,0.028,4.32e-07,0.088,0.026,0.0007,0.167,0.030,3.82e-08
rs4977574,9,22098574,0.290,0.024,1.29e-12,0.132,0.027,9.47e-06,0.054,0.029,0.0623
rs10757274,9,22096055,0.282,0.024,1.42e-12,0.127,0.026,1.23e-05,0.047,0.028,0.0932
rs1333049,9,22125503,0.294,0.025,1.39e-12,0.129,0.027,1.87e-06,0.051,0.029,0.0781
rs3217992,9,22003223,-0.174,0.022,2.73e-08,-0.085,0.025,0.0007,-0.043,0.026,0.0984
rs944797,9,22115286,0.252,0.024,5.30e-11,0.115,0.026,9.72e-06,0.039,0.027,0.1493
